{"train_accuracy": 0.5084999799728394, "train_loss": 0.6965246796607971, "val_accuracy": 0.45010000467300415, "val_loss": 0.6957074999809265, "test_accuracy": 0.5702, "avg_precision": 0.5650909090909091, "avg_recall": 0.17355371900826447, "avg_f1": 0.26555023923444976, "roc_auc": 0.5326396152528196}