{"train_accuracy": 0.5084999799728394, "train_loss": 0.6965246796607971, "val_accuracy": 0.45010000467300415, "val_loss": 0.6957074999809265, "test_accuracy": 0.5523, "avg_precision": 0.0, "avg_recall": 0.0, "avg_f1": 0.0, "roc_auc": 0.5, "test size": 10000, "inference time": 5.226070500000787, "test_size": 10000, "inference_time": 5.056271499999639}