{"train_accuracy": 0.5084999799728394, "train_loss": 0.6965246796607971, "val_accuracy": 0.45010000467300415, "val_loss": 0.6957074999809265, "test_accuracy": 0.55252, "avg_precision": 0.0, "avg_recall": 0.0, "avg_f1": 0.0, "roc_auc": 0.5, "test size": 100000, "inference time": 44.42836329999773}