{"train_accuracy": 0.5084999799728394, "train_loss": 0.6965246796607971, "val_accuracy": 0.45010000467300415, "val_loss": 0.6957074999809265, "test_accuracy": 0.9469, "avg_precision": 0.9556581986143187, "avg_recall": 0.9242796515523788, "avg_f1": 0.9397070512092653, "roc_auc": 0.9447579680901492, "test size": 10000, "inference time": 5.226070500000787, "test_size": 10000, "inference_time": 8.318326499997056}